,title,price,link
0,"Acer ALG Gaming Laptop 13th Gen
                                        Intel Core i7 Processor (16GB DDR4/512GB SSD/6GB RTX3050
                                        Graphics/144Hz/Win11Home/Wifi 6) AL15G-53, 39.62cm (15.6"") FHD Display, Premium
                                        Metal Body, Steel Gray, 1.99KG  ","67,990",https://amazon.in//sspa/click?ie=UTF8&spc=MTo2OTE0MzQwMTAxODU4MTU1OjE3Mjk2NTUxMTY6c3BfYXRmOjMwMDMyOTg0MzE2NjYzMjo6MDo6&url=%2FAcer-Processor-Graphics-Win11Home-AL15G-53%2Fdp%2FB0DFHFCS4Y%2Fref%3Dsr_1_1_sspa%3Fcrid%3D4DC3J2RVS6HW%26dib%3DeyJ2IjoiMSJ9.jmqaqGaY9NmwhclL3peaIYGnUKSRmVvVpryeBQ1DGLbNK-_Phwj9Yodfql9PkDC3jNR0KFxL1oE843adurORqx3hqewgPK-EBn7s--s6SJr_DOxymCtDiNvfyFxNrJc5Qo_gP1lwZRgFtx1cVsT97Z2QcW8dOrVzWDowFVrRxueu-r75P6A1g9XgIL0Fg-oocYpJJOQZU_z1z81kldEo5mlfnpt2ZB3fQEBIJ66uSs0.iqSoiqLA0H0jwv6-Mwaid9Itv-Z-g24Y5PWIbBRAFJo%26dib_tag%3Dse%26keywords%3Dlaptop%26qid%3D1729655116%26sprefix%3Dlaptop%252Caps%252C224%26sr%3D8-1-spons%26sp_csd%3Dd2lkZ2V0TmFtZT1zcF9hdGY%26psc%3D1
1,"Lenovo IdeaPad Slim 1 AMD Ryzen 5 5500U 15.6"" HD Thin and Light Laptop (16GB/512GB SSD/Integrated AMD Graphics/Windows 11 Home/MSO 21/1Yr ADP Free/Cloud Grey/1.61Kg), 82R400ERIN  ","36,990",https://amazon.in//sspa/click?ie=UTF8&spc=MTo2OTE0MzQwMTAxODU4MTU1OjE3Mjk2NTUxMTY6c3BfYXRmOjMwMDEwNzY0ODY4NjAzMjo6MDo6&url=%2FLenovo-IdeaPad-Laptop-Windows-82R400ERIN%2Fdp%2FB0CP2KRYLM%2Fref%3Dsr_1_2_sspa%3Fcrid%3D4DC3J2RVS6HW%26dib%3DeyJ2IjoiMSJ9.jmqaqGaY9NmwhclL3peaIYGnUKSRmVvVpryeBQ1DGLbNK-_Phwj9Yodfql9PkDC3jNR0KFxL1oE843adurORqx3hqewgPK-EBn7s--s6SJr_DOxymCtDiNvfyFxNrJc5Qo_gP1lwZRgFtx1cVsT97Z2QcW8dOrVzWDowFVrRxueu-r75P6A1g9XgIL0Fg-oocYpJJOQZU_z1z81kldEo5mlfnpt2ZB3fQEBIJ66uSs0.iqSoiqLA0H0jwv6-Mwaid9Itv-Z-g24Y5PWIbBRAFJo%26dib_tag%3Dse%26keywords%3Dlaptop%26qid%3D1729655116%26sprefix%3Dlaptop%252Caps%252C224%26sr%3D8-2-spons%26sp_csd%3Dd2lkZ2V0TmFtZT1zcF9hdGY%26psc%3D1
2,"Lenovo IdeaPad Slim 1 AMD Ryzen 5 5500U 15.6"" HD Thin and Light Laptop (16GB/512GB SSD/Integrated AMD Graphics/Windows 11 Home/MSO 21/1Yr ADP Free/Cloud Grey/1.61Kg), 82R400ERIN  ","36,990",https://amazon.in//sspa/click?ie=UTF8&spc=MTo0OTA2ODYzNDI0MzA3NTMzOjE3Mjk2NTUxMTY6c3Bfc2VhcmNoX3RoZW1hdGljOjMwMDM1NjQ5NjIxMTczMjo6MDo6&url=%2FLenovo-IdeaPad-Laptop-Windows-82R400ERIN%2Fdp%2FB0CP2KRYLM%2Fref%3Dsxin_13_pa_sp_search_thematic_sspa%3Fcontent-id%3Damzn1.sym.cd33fa60-47cd-49f3-80b8-24b1f0cbef97%253Aamzn1.sym.cd33fa60-47cd-49f3-80b8-24b1f0cbef97%26crid%3D4DC3J2RVS6HW%26cv_ct_cx%3Dlaptop%26dib%3DeyJ2IjoiMSJ9.udTH5Vof67DhAwhKrKp0fOyuYjQ6YJ7d3SVFQsqOp4UwM-Fp0TvNJYOv9FEsGbIf0oykwHex1_XmyI9J2NqnwA.bchiyTkcOn1T9wi3yA9h6zrz_9mlYEzIYYje7MRM10s%26dib_tag%3Dse%26keywords%3Dlaptop%26pd_rd_i%3DB0CP2KRYLM%26pd_rd_r%3D321d7e2f-90de-4559-a6e9-0bf9bf20045f%26pd_rd_w%3D7fmhh%26pd_rd_wg%3DLKZMd%26pf_rd_p%3Dcd33fa60-47cd-49f3-80b8-24b1f0cbef97%26pf_rd_r%3DTWGSH3ZV40YBVD4X2F6D%26qid%3D1729655116%26sbo%3DRZvfv%252F%252FHxDF%252BO5021pAnSA%253D%253D%26sprefix%3Dlaptop%252Caps%252C224%26sr%3D1-1-ced4eeeb-b190-41d6-902a-1ecb3fb8b7c4-spons%26sp_csd%3Dd2lkZ2V0TmFtZT1zcF9zZWFyY2hfdGhlbWF0aWM%26psc%3D1
3,"HP 15s Core i3 12th Gen (8GB RAM/512GB SSD/FHD/MS Office 21/Windows 11/15.6"" (39.6cm)/Silver/1.69 kg) fy5011TU Laptop  ","34,990",https://amazon.in//sspa/click?ie=UTF8&spc=MTo0OTA2ODYzNDI0MzA3NTMzOjE3Mjk2NTUxMTY6c3Bfc2VhcmNoX3RoZW1hdGljOjMwMDM2MzM5MTIxMzIzMjo6MTo6&url=%2FHP-Office-Windows-39-6cm-fy5011TU%2Fdp%2FB0D4LZMJ5Z%2Fref%3Dsxin_13_pa_sp_search_thematic_sspa%3Fcontent-id%3Damzn1.sym.cd33fa60-47cd-49f3-80b8-24b1f0cbef97%253Aamzn1.sym.cd33fa60-47cd-49f3-80b8-24b1f0cbef97%26crid%3D4DC3J2RVS6HW%26cv_ct_cx%3Dlaptop%26dib%3DeyJ2IjoiMSJ9.udTH5Vof67DhAwhKrKp0fOyuYjQ6YJ7d3SVFQsqOp4UwM-Fp0TvNJYOv9FEsGbIf0oykwHex1_XmyI9J2NqnwA.bchiyTkcOn1T9wi3yA9h6zrz_9mlYEzIYYje7MRM10s%26dib_tag%3Dse%26keywords%3Dlaptop%26pd_rd_i%3DB0D4LZMJ5Z%26pd_rd_r%3D321d7e2f-90de-4559-a6e9-0bf9bf20045f%26pd_rd_w%3D7fmhh%26pd_rd_wg%3DLKZMd%26pf_rd_p%3Dcd33fa60-47cd-49f3-80b8-24b1f0cbef97%26pf_rd_r%3DTWGSH3ZV40YBVD4X2F6D%26qid%3D1729655116%26sbo%3DRZvfv%252F%252FHxDF%252BO5021pAnSA%253D%253D%26sprefix%3Dlaptop%252Caps%252C224%26sr%3D1-2-ced4eeeb-b190-41d6-902a-1ecb3fb8b7c4-spons%26sp_csd%3Dd2lkZ2V0TmFtZT1zcF9zZWFyY2hfdGhlbWF0aWM%26psc%3D1
4,"HP 15 Core i3 13th Gen (8GB RAM/512GB SSD/FHD/15.6"" (39.6 cm)/Windows 11/MS Office 21/Silver/1.59 kg) fd0006TU Laptop  ","39,490",https://amazon.in//sspa/click?ie=UTF8&spc=MTo0OTA2ODYzNDI0MzA3NTMzOjE3Mjk2NTUxMTY6c3Bfc2VhcmNoX3RoZW1hdGljOjMwMDE1NDcwNTIyOTMzMjo6Mjo6&url=%2FHP-Windows-Office-Silver-fd0006TU%2Fdp%2FB0C3RF3HT3%2Fref%3Dsxin_13_pa_sp_search_thematic_sspa%3Fcontent-id%3Damzn1.sym.cd33fa60-47cd-49f3-80b8-24b1f0cbef97%253Aamzn1.sym.cd33fa60-47cd-49f3-80b8-24b1f0cbef97%26crid%3D4DC3J2RVS6HW%26cv_ct_cx%3Dlaptop%26dib%3DeyJ2IjoiMSJ9.udTH5Vof67DhAwhKrKp0fOyuYjQ6YJ7d3SVFQsqOp4UwM-Fp0TvNJYOv9FEsGbIf0oykwHex1_XmyI9J2NqnwA.bchiyTkcOn1T9wi3yA9h6zrz_9mlYEzIYYje7MRM10s%26dib_tag%3Dse%26keywords%3Dlaptop%26pd_rd_i%3DB0C3RF3HT3%26pd_rd_r%3D321d7e2f-90de-4559-a6e9-0bf9bf20045f%26pd_rd_w%3D7fmhh%26pd_rd_wg%3DLKZMd%26pf_rd_p%3Dcd33fa60-47cd-49f3-80b8-24b1f0cbef97%26pf_rd_r%3DTWGSH3ZV40YBVD4X2F6D%26qid%3D1729655116%26sbo%3DRZvfv%252F%252FHxDF%252BO5021pAnSA%253D%253D%26sprefix%3Dlaptop%252Caps%252C224%26sr%3D1-3-ced4eeeb-b190-41d6-902a-1ecb3fb8b7c4-spons%26sp_csd%3Dd2lkZ2V0TmFtZT1zcF9zZWFyY2hfdGhlbWF0aWM%26psc%3D1
5,"Dell {Smartchoice} G15-5530 Core i5-13450HX| NVIDIA RTX 3050, 6GB (16GB RAM|1TB SSD, FHD|Window 11|MS Office' 21|15.6"" (39.62cm)|Dark Shadow Grey|2.65Kg|Gaming Laptop  ","69,990",https://amazon.in//sspa/click?ie=UTF8&spc=MTo0OTA2ODYzNDI0MzA3NTMzOjE3Mjk2NTUxMTY6c3Bfc2VhcmNoX3RoZW1hdGljOjMwMDMzMzcyNzA4MTkzMjo6Mzo6&url=%2FDell-Smartchoice-G15-5530-Gaming-i5-13450HX%2Fdp%2FB0CRKXDX83%2Fref%3Dsxin_13_pa_sp_search_thematic_sspa%3Fcontent-id%3Damzn1.sym.cd33fa60-47cd-49f3-80b8-24b1f0cbef97%253Aamzn1.sym.cd33fa60-47cd-49f3-80b8-24b1f0cbef97%26crid%3D4DC3J2RVS6HW%26cv_ct_cx%3Dlaptop%26dib%3DeyJ2IjoiMSJ9.udTH5Vof67DhAwhKrKp0fOyuYjQ6YJ7d3SVFQsqOp4UwM-Fp0TvNJYOv9FEsGbIf0oykwHex1_XmyI9J2NqnwA.bchiyTkcOn1T9wi3yA9h6zrz_9mlYEzIYYje7MRM10s%26dib_tag%3Dse%26keywords%3Dlaptop%26pd_rd_i%3DB0CRKXDX83%26pd_rd_r%3D321d7e2f-90de-4559-a6e9-0bf9bf20045f%26pd_rd_w%3D7fmhh%26pd_rd_wg%3DLKZMd%26pf_rd_p%3Dcd33fa60-47cd-49f3-80b8-24b1f0cbef97%26pf_rd_r%3DTWGSH3ZV40YBVD4X2F6D%26qid%3D1729655116%26sbo%3DRZvfv%252F%252FHxDF%252BO5021pAnSA%253D%253D%26sprefix%3Dlaptop%252Caps%252C224%26sr%3D1-4-ced4eeeb-b190-41d6-902a-1ecb3fb8b7c4-spons%26sp_csd%3Dd2lkZ2V0TmFtZT1zcF9zZWFyY2hfdGhlbWF0aWM%26psc%3D1
6,"ASUS Vivobook 16 (2023)Thin & Light Laptop,Intel Core i9-13900H 13th Gen, 16"" (40.64 cm) FHD+(16GB RAM/512GB SSD/Intel Iris Xe/Win 11/Office 2021/Backlit KB/Fingerprint/Black/1.88 kg) X1605VA-MB947WS  ","79,990",https://amazon.in//sspa/click?ie=UTF8&spc=MTo0OTA2ODYzNDI0MzA3NTMzOjE3Mjk2NTUxMTY6c3Bfc2VhcmNoX3RoZW1hdGljOjMwMDE2Njk0MTUwNTgzMjo6NDo6&url=%2FASUS-Vivobook-i9-13900H-Fingerprint-X1605VA-MB947WS%2Fdp%2FB0CHMZRC89%2Fref%3Dsxin_13_pa_sp_search_thematic_sspa%3Fcontent-id%3Damzn1.sym.cd33fa60-47cd-49f3-80b8-24b1f0cbef97%253Aamzn1.sym.cd33fa60-47cd-49f3-80b8-24b1f0cbef97%26crid%3D4DC3J2RVS6HW%26cv_ct_cx%3Dlaptop%26dib%3DeyJ2IjoiMSJ9.udTH5Vof67DhAwhKrKp0fOyuYjQ6YJ7d3SVFQsqOp4UwM-Fp0TvNJYOv9FEsGbIf0oykwHex1_XmyI9J2NqnwA.bchiyTkcOn1T9wi3yA9h6zrz_9mlYEzIYYje7MRM10s%26dib_tag%3Dse%26keywords%3Dlaptop%26pd_rd_i%3DB0CHMZRC89%26pd_rd_r%3D321d7e2f-90de-4559-a6e9-0bf9bf20045f%26pd_rd_w%3D7fmhh%26pd_rd_wg%3DLKZMd%26pf_rd_p%3Dcd33fa60-47cd-49f3-80b8-24b1f0cbef97%26pf_rd_r%3DTWGSH3ZV40YBVD4X2F6D%26qid%3D1729655116%26sbo%3DRZvfv%252F%252FHxDF%252BO5021pAnSA%253D%253D%26sprefix%3Dlaptop%252Caps%252C224%26sr%3D1-5-ced4eeeb-b190-41d6-902a-1ecb3fb8b7c4-spons%26sp_csd%3Dd2lkZ2V0TmFtZT1zcF9zZWFyY2hfdGhlbWF0aWM%26psc%3D1
7,"Lenovo IdeaPad Slim 1 Intel Core Celeron N4020 14"" HD Thin and Light Laptop (8GB/512GB SSD/Windows 11 Home/Office 21/1Yr Warranty/Cloud Grey/1.3Kg), 82V6009LIN  ","22,990",https://amazon.in//Lenovo-IdeaPad-Celeron-Warranty-82V6009LIN/dp/B0D6Z2H2HR/ref=sr_1_6?crid=4DC3J2RVS6HW&dib=eyJ2IjoiMSJ9.jmqaqGaY9NmwhclL3peaIYGnUKSRmVvVpryeBQ1DGLbNK-_Phwj9Yodfql9PkDC3jNR0KFxL1oE843adurORqx3hqewgPK-EBn7s--s6SJr_DOxymCtDiNvfyFxNrJc5Qo_gP1lwZRgFtx1cVsT97Z2QcW8dOrVzWDowFVrRxueu-r75P6A1g9XgIL0Fg-oocYpJJOQZU_z1z81kldEo5mlfnpt2ZB3fQEBIJ66uSs0.iqSoiqLA0H0jwv6-Mwaid9Itv-Z-g24Y5PWIbBRAFJo&dib_tag=se&keywords=laptop&qid=1729655116&sprefix=laptop%2Caps%2C224&sr=8-6
8,"Acer Aspire 3 Laptop Intel Core Celeron N4500 Processor Laptop (8 GB LPDDR4X SDRAM/512 GB SSD/Win11 Home/38 WHR/HD Webcam) A325-45 with 39.63 cm (15.6"") HD Display, Pure Silver, 1.5 KG  ","20,990",https://amazon.in//Acer-Celeron-Processor-LPDDR4X-A325-45/dp/B0D7PYTTGH/ref=sr_1_7?crid=4DC3J2RVS6HW&dib=eyJ2IjoiMSJ9.jmqaqGaY9NmwhclL3peaIYGnUKSRmVvVpryeBQ1DGLbNK-_Phwj9Yodfql9PkDC3jNR0KFxL1oE843adurORqx3hqewgPK-EBn7s--s6SJr_DOxymCtDiNvfyFxNrJc5Qo_gP1lwZRgFtx1cVsT97Z2QcW8dOrVzWDowFVrRxueu-r75P6A1g9XgIL0Fg-oocYpJJOQZU_z1z81kldEo5mlfnpt2ZB3fQEBIJ66uSs0.iqSoiqLA0H0jwv6-Mwaid9Itv-Z-g24Y5PWIbBRAFJo&dib_tag=se&keywords=laptop&qid=1729655116&sprefix=laptop%2Caps%2C224&sr=8-7
9,"Dell [Smartchoice] Core i3-1215U, 12th Gen (8GB RAM/512GB SSD/FHD/Window 11/MS Office' 21/15""(38 cm)/15 Month McAfee/Black/1.69kg Laptop  ","32,990",https://amazon.in//Dell-Smartchoice-i3-1215U-Processor-Spill-Resistant/dp/B0BQJ68HHC/ref=sr_1_8?crid=4DC3J2RVS6HW&dib=eyJ2IjoiMSJ9.jmqaqGaY9NmwhclL3peaIYGnUKSRmVvVpryeBQ1DGLbNK-_Phwj9Yodfql9PkDC3jNR0KFxL1oE843adurORqx3hqewgPK-EBn7s--s6SJr_DOxymCtDiNvfyFxNrJc5Qo_gP1lwZRgFtx1cVsT97Z2QcW8dOrVzWDowFVrRxueu-r75P6A1g9XgIL0Fg-oocYpJJOQZU_z1z81kldEo5mlfnpt2ZB3fQEBIJ66uSs0.iqSoiqLA0H0jwv6-Mwaid9Itv-Z-g24Y5PWIbBRAFJo&dib_tag=se&keywords=laptop&qid=1729655116&sprefix=laptop%2Caps%2C224&sr=8-8
10,"Acer Aspire 3 Intel Core i3-N305 Processor Laptop with 35.56 cm (14"") Full HD LED-Backlit IPS Display (8 GB RAM/512 GB SSD/Intel Graphics/Win11 Home/38Wh) A324-31, Steel Gray, 1.45KG  ","25,970",https://amazon.in//Acer-Processor-LED-Backlit-Graphics-A324-31/dp/B0DF2XN36M/ref=sr_1_9?crid=4DC3J2RVS6HW&dib=eyJ2IjoiMSJ9.jmqaqGaY9NmwhclL3peaIYGnUKSRmVvVpryeBQ1DGLbNK-_Phwj9Yodfql9PkDC3jNR0KFxL1oE843adurORqx3hqewgPK-EBn7s--s6SJr_DOxymCtDiNvfyFxNrJc5Qo_gP1lwZRgFtx1cVsT97Z2QcW8dOrVzWDowFVrRxueu-r75P6A1g9XgIL0Fg-oocYpJJOQZU_z1z81kldEo5mlfnpt2ZB3fQEBIJ66uSs0.iqSoiqLA0H0jwv6-Mwaid9Itv-Z-g24Y5PWIbBRAFJo&dib_tag=se&keywords=laptop&qid=1729655116&sprefix=laptop%2Caps%2C224&sr=8-9
11,HP 15s Core i5 12th Gen (16GB RAM/512GB SSD/FHD/MS Office 21 /Backlit Keyboard /15.6-inch (39.6 cm)/FHD/Windows 11/Silver/1.69 kg) fy5009TU/fd0111tu Laptop  ,"49,990",https://amazon.in//HP-Keyboard-15-6-inch-fy5009TU-fd0111tu/dp/B0D4M66F6R/ref=sr_1_10?crid=4DC3J2RVS6HW&dib=eyJ2IjoiMSJ9.jmqaqGaY9NmwhclL3peaIYGnUKSRmVvVpryeBQ1DGLbNK-_Phwj9Yodfql9PkDC3jNR0KFxL1oE843adurORqx3hqewgPK-EBn7s--s6SJr_DOxymCtDiNvfyFxNrJc5Qo_gP1lwZRgFtx1cVsT97Z2QcW8dOrVzWDowFVrRxueu-r75P6A1g9XgIL0Fg-oocYpJJOQZU_z1z81kldEo5mlfnpt2ZB3fQEBIJ66uSs0.iqSoiqLA0H0jwv6-Mwaid9Itv-Z-g24Y5PWIbBRAFJo&dib_tag=se&keywords=laptop&qid=1729655116&sprefix=laptop%2Caps%2C224&sr=8-10
12,"Acer Aspire 3 Laptop Intel Core Celeron N4500 Processor Laptop (8 GB LPDDR4X SDRAM/256 GB SSD/Win11 Home/38 WHR/HD Webcam) A325-45 with 39.63 cm (15.6"") HD Display, Pure Silver, 1.5 KG  ","19,990",https://amazon.in//Acer-Celeron-Processor-LPDDR4X-A325-45/dp/B0D7PTFFZH/ref=sr_1_3?crid=4DC3J2RVS6HW&dib=eyJ2IjoiMSJ9.jmqaqGaY9NmwhclL3peaIYGnUKSRmVvVpryeBQ1DGLbNK-_Phwj9Yodfql9PkDC3jNR0KFxL1oE843adurORqx3hqewgPK-EBn7s--s6SJr_DOxymCtDiNvfyFxNrJc5Qo_gP1lwZRgFtx1cVsT97Z2QcW8dOrVzWDowFVrRxueu-r75P6A1g9XgIL0Fg-oocYpJJOQZU_z1z81kldEo5mlfnpt2ZB3fQEBIJ66uSs0.iqSoiqLA0H0jwv6-Mwaid9Itv-Z-g24Y5PWIbBRAFJo&dib_tag=se&keywords=laptop&qid=1729655116&sprefix=laptop%2Caps%2C224&sr=8-3
13,"Acer Aspire Lite 12th Gen Intel Core i5-12450H Thin and Light Laptop (Windows11Home/16GB RAM/512GB SSD/MSO) AL15-52H, 39.62cm (15.6"") IPS Full HD, Backlit Keyboard, Pure Silver, 1.7KG  ","41,990",https://amazon.in//sspa/click?ie=UTF8&spc=MTo2OTE0MzQwMTAxODU4MTU1OjE3Mjk2NTUxMTY6c3BfbXRmOjMwMDMyNTkyMDk2MzczMjo6MDo6&url=%2FAcer-i5-12450H-Windows11Home-AL15-52H-Keyboard%2Fdp%2FB0DDL495SX%2Fref%3Dsr_1_11_sspa%3Fcrid%3D4DC3J2RVS6HW%26dib%3DeyJ2IjoiMSJ9.jmqaqGaY9NmwhclL3peaIYGnUKSRmVvVpryeBQ1DGLbNK-_Phwj9Yodfql9PkDC3jNR0KFxL1oE843adurORqx3hqewgPK-EBn7s--s6SJr_DOxymCtDiNvfyFxNrJc5Qo_gP1lwZRgFtx1cVsT97Z2QcW8dOrVzWDowFVrRxueu-r75P6A1g9XgIL0Fg-oocYpJJOQZU_z1z81kldEo5mlfnpt2ZB3fQEBIJ66uSs0.iqSoiqLA0H0jwv6-Mwaid9Itv-Z-g24Y5PWIbBRAFJo%26dib_tag%3Dse%26keywords%3Dlaptop%26qid%3D1729655116%26sprefix%3Dlaptop%252Caps%252C224%26sr%3D8-11-spons%26sp_csd%3Dd2lkZ2V0TmFtZT1zcF9tdGY%26psc%3D1
14,"Acer Aspire Lite 12th Gen Intel Core i5-1235U Thin and Light Laptop (Windows 11 Home/16GB RAM/512GB SSD/Intel Iris Xe Graphics) AL15-52, 39.62cm (15.6"") Full HD Display, Metal Body, Steel Gray, 1.6 KG  ","38,990",https://amazon.in//sspa/click?ie=UTF8&spc=MTo2OTE0MzQwMTAxODU4MTU1OjE3Mjk2NTUxMTY6c3BfbXRmOjMwMDIwODAzODQ5MTAzMjo6MDo6&url=%2FAcer-i5-1235U-Windows-Graphics-AL15-52%2Fdp%2FB0CLTW4D7T%2Fref%3Dsr_1_12_sspa%3Fcrid%3D4DC3J2RVS6HW%26dib%3DeyJ2IjoiMSJ9.jmqaqGaY9NmwhclL3peaIYGnUKSRmVvVpryeBQ1DGLbNK-_Phwj9Yodfql9PkDC3jNR0KFxL1oE843adurORqx3hqewgPK-EBn7s--s6SJr_DOxymCtDiNvfyFxNrJc5Qo_gP1lwZRgFtx1cVsT97Z2QcW8dOrVzWDowFVrRxueu-r75P6A1g9XgIL0Fg-oocYpJJOQZU_z1z81kldEo5mlfnpt2ZB3fQEBIJ66uSs0.iqSoiqLA0H0jwv6-Mwaid9Itv-Z-g24Y5PWIbBRAFJo%26dib_tag%3Dse%26keywords%3Dlaptop%26qid%3D1729655116%26sprefix%3Dlaptop%252Caps%252C224%26sr%3D8-12-spons%26sp_csd%3Dd2lkZ2V0TmFtZT1zcF9tdGY%26psc%3D1
15,"HP Laptop 15s, 12th Gen Intel Core i3, 15.6-inch (39.6 cm), 8GB DDR4, 512GB SSD, Thin & Light, Dual Speakers (Win 11, MSO 2021, Silver, 1.69 kg), fq5007TU / FQ5327TU  ","35,990",https://amazon.in//HP-i3-1215U-15-6-inch-Graphics-Speakers/dp/B0BP2M7CCS/ref=sr_1_13?crid=4DC3J2RVS6HW&dib=eyJ2IjoiMSJ9.jmqaqGaY9NmwhclL3peaIYGnUKSRmVvVpryeBQ1DGLbNK-_Phwj9Yodfql9PkDC3jNR0KFxL1oE843adurORqx3hqewgPK-EBn7s--s6SJr_DOxymCtDiNvfyFxNrJc5Qo_gP1lwZRgFtx1cVsT97Z2QcW8dOrVzWDowFVrRxueu-r75P6A1g9XgIL0Fg-oocYpJJOQZU_z1z81kldEo5mlfnpt2ZB3fQEBIJ66uSs0.iqSoiqLA0H0jwv6-Mwaid9Itv-Z-g24Y5PWIbBRAFJo&dib_tag=se&keywords=laptop&qid=1729655116&sprefix=laptop%2Caps%2C224&sr=8-13
16,"Acer Aspire Lite 12th Gen Intel Core i3-1215U Premium Metal Laptop (Windows 11 Home/8 GB RAM/512GB SSD) AL15-52, 39.62cm (15.6"") Full HD Display, Metal Body, Steel Gray, 1.59 Kg  ","27,990",https://amazon.in//Acer-i3-1215U-Premium-Windows-AL15-52/dp/B0CKLN7PSZ/ref=sr_1_14?crid=4DC3J2RVS6HW&dib=eyJ2IjoiMSJ9.jmqaqGaY9NmwhclL3peaIYGnUKSRmVvVpryeBQ1DGLbNK-_Phwj9Yodfql9PkDC3jNR0KFxL1oE843adurORqx3hqewgPK-EBn7s--s6SJr_DOxymCtDiNvfyFxNrJc5Qo_gP1lwZRgFtx1cVsT97Z2QcW8dOrVzWDowFVrRxueu-r75P6A1g9XgIL0Fg-oocYpJJOQZU_z1z81kldEo5mlfnpt2ZB3fQEBIJ66uSs0.iqSoiqLA0H0jwv6-Mwaid9Itv-Z-g24Y5PWIbBRAFJo&dib_tag=se&keywords=laptop&qid=1729655116&sprefix=laptop%2Caps%2C224&sr=8-14
17,"ASUS X515, 15.6"" FHD (1920 x 1080) 16:9, 60Hz 200nits, Intel Pentium Gold 7505, Thin & Light Laptop (8GB RAM/512GB SSD/Windows 11/Office Home/37WHr Battery/Transparent Silver/1.80 kg), X1500EA-EJ122WS  ","23,990",https://amazon.in//ASUS-Vivobook-15-6-inch-Intergrated-X1500EA-EJ122WS/dp/B0CZ3K42DX/ref=sr_1_15?crid=4DC3J2RVS6HW&dib=eyJ2IjoiMSJ9.jmqaqGaY9NmwhclL3peaIYGnUKSRmVvVpryeBQ1DGLbNK-_Phwj9Yodfql9PkDC3jNR0KFxL1oE843adurORqx3hqewgPK-EBn7s--s6SJr_DOxymCtDiNvfyFxNrJc5Qo_gP1lwZRgFtx1cVsT97Z2QcW8dOrVzWDowFVrRxueu-r75P6A1g9XgIL0Fg-oocYpJJOQZU_z1z81kldEo5mlfnpt2ZB3fQEBIJ66uSs0.iqSoiqLA0H0jwv6-Mwaid9Itv-Z-g24Y5PWIbBRAFJo&dib_tag=se&keywords=laptop&qid=1729655116&sprefix=laptop%2Caps%2C224&sr=8-15
18,"Acer Chromebook Intel Celeron N4500 Processor (Chrome OS/8 GB RAM/128 GB eMMC/WiFi 6) CB315-4H with 39.6 cm (15.6"") Full HD LED Backlit TFT LCD, Silver, 1.6 KG  ","16,990",https://amazon.in//Acer-Chromebook-Celeron-Processor-CB315-4H/dp/B0DH4M1MJ3/ref=sr_1_16?crid=4DC3J2RVS6HW&dib=eyJ2IjoiMSJ9.jmqaqGaY9NmwhclL3peaIYGnUKSRmVvVpryeBQ1DGLbNK-_Phwj9Yodfql9PkDC3jNR0KFxL1oE843adurORqx3hqewgPK-EBn7s--s6SJr_DOxymCtDiNvfyFxNrJc5Qo_gP1lwZRgFtx1cVsT97Z2QcW8dOrVzWDowFVrRxueu-r75P6A1g9XgIL0Fg-oocYpJJOQZU_z1z81kldEo5mlfnpt2ZB3fQEBIJ66uSs0.iqSoiqLA0H0jwv6-Mwaid9Itv-Z-g24Y5PWIbBRAFJo&dib_tag=se&keywords=laptop&qid=1729655116&sprefix=laptop%2Caps%2C224&sr=8-16
19,"HP Laptop 240 G8 (2024), Intel Core i5 11th Gen 1135G7 - (16GB/512GB SSD/Intel Iris Xe Graphics/Windows 11 Pro) Thin and Light Business Laptop/14 (35.56cm)/Black/1.47 kg/MS Office 2021 Pro Plus  ","43,990",https://amazon.in//HP-Laptop-240-Intel-1135G7/dp/B0DJCQPNZ8/ref=sr_1_17?crid=4DC3J2RVS6HW&dib=eyJ2IjoiMSJ9.jmqaqGaY9NmwhclL3peaIYGnUKSRmVvVpryeBQ1DGLbNK-_Phwj9Yodfql9PkDC3jNR0KFxL1oE843adurORqx3hqewgPK-EBn7s--s6SJr_DOxymCtDiNvfyFxNrJc5Qo_gP1lwZRgFtx1cVsT97Z2QcW8dOrVzWDowFVrRxueu-r75P6A1g9XgIL0Fg-oocYpJJOQZU_z1z81kldEo5mlfnpt2ZB3fQEBIJ66uSs0.iqSoiqLA0H0jwv6-Mwaid9Itv-Z-g24Y5PWIbBRAFJo&dib_tag=se&keywords=laptop&qid=1729655116&sprefix=laptop%2Caps%2C224&sr=8-17
20,"Acer Aspire 3 Laptop Intel Core Celeron N4500 Processor Laptop (8 GB LPDDR4X SDRAM/256 GB SSD/Win11 Home/38 Whr/HD Webcam) A324-45 with 35.56 cm (14"") HD Display, Pure Silver, 1.3 KG  ","18,990",https://amazon.in//Acer-Celeron-Processor-LPDDR4X-A324-45/dp/B0D7PSYS6B/ref=sr_1_18?crid=4DC3J2RVS6HW&dib=eyJ2IjoiMSJ9.jmqaqGaY9NmwhclL3peaIYGnUKSRmVvVpryeBQ1DGLbNK-_Phwj9Yodfql9PkDC3jNR0KFxL1oE843adurORqx3hqewgPK-EBn7s--s6SJr_DOxymCtDiNvfyFxNrJc5Qo_gP1lwZRgFtx1cVsT97Z2QcW8dOrVzWDowFVrRxueu-r75P6A1g9XgIL0Fg-oocYpJJOQZU_z1z81kldEo5mlfnpt2ZB3fQEBIJ66uSs0.iqSoiqLA0H0jwv6-Mwaid9Itv-Z-g24Y5PWIbBRAFJo&dib_tag=se&keywords=laptop&qid=1729655116&sprefix=laptop%2Caps%2C224&sr=8-18
21,JioBook 11 Android 4G Laptop (Mediatek 8788 Octa-core 2 GHz/ARM Mali G72 MP3 @800 MHz/29.5cms 60 Hz/Thin and Light Laptop/ 4 GB LPDDR4/ 64 GB eMMC/JioOS/Dual Band Wi-Fi/Blue/ 990 GMS)/Office Included  ,"12,778",https://amazon.in//JioBook-Octa-Core-LPDDR4-JioOS-Expandable/dp/B0CKX9PY1H/ref=sr_1_19?crid=4DC3J2RVS6HW&dib=eyJ2IjoiMSJ9.jmqaqGaY9NmwhclL3peaIYGnUKSRmVvVpryeBQ1DGLbNK-_Phwj9Yodfql9PkDC3jNR0KFxL1oE843adurORqx3hqewgPK-EBn7s--s6SJr_DOxymCtDiNvfyFxNrJc5Qo_gP1lwZRgFtx1cVsT97Z2QcW8dOrVzWDowFVrRxueu-r75P6A1g9XgIL0Fg-oocYpJJOQZU_z1z81kldEo5mlfnpt2ZB3fQEBIJ66uSs0.iqSoiqLA0H0jwv6-Mwaid9Itv-Z-g24Y5PWIbBRAFJo&dib_tag=se&keywords=laptop&qid=1729655116&sprefix=laptop%2Caps%2C224&sr=8-19
22,"Lenovo IdeaPad Slim 1 AMD Ryzen 5 5500U 15.6"" HD Thin and Light Laptop (16GB/512GB SSD/Integrated AMD Graphics/Windows 11 Home/MSO 21/1Yr ADP Free/Cloud Grey/1.61Kg), 82R400ERIN  ","36,990",https://amazon.in//Lenovo-IdeaPad-Laptop-Windows-82R400ERIN/dp/B0CP2KRYLM/ref=sr_1_20?crid=4DC3J2RVS6HW&dib=eyJ2IjoiMSJ9.jmqaqGaY9NmwhclL3peaIYGnUKSRmVvVpryeBQ1DGLbNK-_Phwj9Yodfql9PkDC3jNR0KFxL1oE843adurORqx3hqewgPK-EBn7s--s6SJr_DOxymCtDiNvfyFxNrJc5Qo_gP1lwZRgFtx1cVsT97Z2QcW8dOrVzWDowFVrRxueu-r75P6A1g9XgIL0Fg-oocYpJJOQZU_z1z81kldEo5mlfnpt2ZB3fQEBIJ66uSs0.iqSoiqLA0H0jwv6-Mwaid9Itv-Z-g24Y5PWIbBRAFJo&dib_tag=se&keywords=laptop&qid=1729655116&sprefix=laptop%2Caps%2C224&sr=8-20
23,"(Refurbished) Lenovo ThinkPad 6th Gen Intel Core i5 Thin & Light HD Laptop (16GB RAM / 512GB SSD /14"" (35.6 cm) HD/Windows 11/MS Office/WiFi/Webcam/Intel Graphics), Black  ","15,450",https://amazon.in//Refurbished-Lenovo-ThinkPad-Windows-Graphics/dp/B0CR496TBN/ref=sr_1_4?crid=4DC3J2RVS6HW&dib=eyJ2IjoiMSJ9.jmqaqGaY9NmwhclL3peaIYGnUKSRmVvVpryeBQ1DGLbNK-_Phwj9Yodfql9PkDC3jNR0KFxL1oE843adurORqx3hqewgPK-EBn7s--s6SJr_DOxymCtDiNvfyFxNrJc5Qo_gP1lwZRgFtx1cVsT97Z2QcW8dOrVzWDowFVrRxueu-r75P6A1g9XgIL0Fg-oocYpJJOQZU_z1z81kldEo5mlfnpt2ZB3fQEBIJ66uSs0.iqSoiqLA0H0jwv6-Mwaid9Itv-Z-g24Y5PWIbBRAFJo&dib_tag=se&keywords=laptop&qid=1729655116&sprefix=laptop%2Caps%2C224&sr=8-4
24,"Acer Aspire Lite AMD Ryzen 5-5625U Premium Thin and Light Laptop (16 GB RAM/512 GB SSD/Windows 11 Home) AL15-41, 39.62 cm (15.6"") Full HD Display, Metal Body, Steel Gray, 1.59 KG  ","32,990",https://amazon.in//sspa/click?ie=UTF8&spc=MTo2OTE0MzQwMTAxODU4MTU1OjE3Mjk2NTUxMTY6c3BfYnRmOjMwMDM1NjQ5NjIxMTYzMjo6MDo6&url=%2FAcer-5-5625U-Premium-Windows-AL15-41%2Fdp%2FB0DG2GCTD7%2Fref%3Dsr_1_21_sspa%3Fcrid%3D4DC3J2RVS6HW%26dib%3DeyJ2IjoiMSJ9.jmqaqGaY9NmwhclL3peaIYGnUKSRmVvVpryeBQ1DGLbNK-_Phwj9Yodfql9PkDC3jNR0KFxL1oE843adurORqx3hqewgPK-EBn7s--s6SJr_DOxymCtDiNvfyFxNrJc5Qo_gP1lwZRgFtx1cVsT97Z2QcW8dOrVzWDowFVrRxueu-r75P6A1g9XgIL0Fg-oocYpJJOQZU_z1z81kldEo5mlfnpt2ZB3fQEBIJ66uSs0.iqSoiqLA0H0jwv6-Mwaid9Itv-Z-g24Y5PWIbBRAFJo%26dib_tag%3Dse%26keywords%3Dlaptop%26qid%3D1729655116%26sprefix%3Dlaptop%252Caps%252C224%26sr%3D8-21-spons%26sp_csd%3Dd2lkZ2V0TmFtZT1zcF9idGY%26psc%3D1
25,"Acer Aspire Lite 12th Gen Intel Core i7-1255U Premium Metal Laptop (Windows 11 Home/16 GB RAM/512 GB SSD) AL15-52, 39.62cm (15.6"") Full HD Display, Metal Body, Steel Gray, 1.59 Kg  ","47,990",https://amazon.in//sspa/click?ie=UTF8&spc=MTo2OTE0MzQwMTAxODU4MTU1OjE3Mjk2NTUxMTY6c3BfYnRmOjMwMDE3OTQ3ODc3NzUzMjo6MDo6&url=%2FAcer-i7-1255U-Premium-Windows-AL15-52%2Fdp%2FB0D262KC1J%2Fref%3Dsr_1_22_sspa%3Fcrid%3D4DC3J2RVS6HW%26dib%3DeyJ2IjoiMSJ9.jmqaqGaY9NmwhclL3peaIYGnUKSRmVvVpryeBQ1DGLbNK-_Phwj9Yodfql9PkDC3jNR0KFxL1oE843adurORqx3hqewgPK-EBn7s--s6SJr_DOxymCtDiNvfyFxNrJc5Qo_gP1lwZRgFtx1cVsT97Z2QcW8dOrVzWDowFVrRxueu-r75P6A1g9XgIL0Fg-oocYpJJOQZU_z1z81kldEo5mlfnpt2ZB3fQEBIJ66uSs0.iqSoiqLA0H0jwv6-Mwaid9Itv-Z-g24Y5PWIbBRAFJo%26dib_tag%3Dse%26keywords%3Dlaptop%26qid%3D1729655116%26sprefix%3Dlaptop%252Caps%252C224%26sr%3D8-22-spons%26sp_csd%3Dd2lkZ2V0TmFtZT1zcF9idGY%26psc%3D1
26,"Acer Aspire Lite 12th Gen Intel Core i5-12450H Thin and Light Laptop(Win11Home/12GB RAM/512GB SSD/Intel UHD Graphics/MSO)AL15-52H, 39.62cm(15.6"") FHD IPS Display, Backlit Keyboard, Pure Silver, 1.7KG  ","40,990",https://amazon.in//sspa/click?ie=UTF8&spc=MToyNDk2MTEyMDQ2MDQzNzk0OjE3Mjk2NTUxMjM6c3BfYXRmX25leHQ6MzAwMzI1OTIwOTYzNjMyOjowOjo&url=%2FAcer-i5-12450H-Win11Home-Graphics-AL15-52H%2Fdp%2FB0DDL4CPZ5%2Fref%3Dsr_1_17_sspa%3Fcrid%3D4DC3J2RVS6HW%26dib%3DeyJ2IjoiMSJ9.X52LootGKUCe9O6i9DNlhqdnD2UNkmBlSJMtCF1kDZf5Xd_CEcm15xi_ZxihvoAtjhyb_hQcdQQRARAhL5Bfmh-tL2mRPak4JycUFy90p_j5c4YcLpRTipgV-iHQzQ-twU3R1Y0q6WYZorPwB04GTT7QoeMdxVsCFv2MwFFx_kwfUHuNzOV7pY-h8dJAESZvFY4JXNI_KvyIx2RRAk58IjD_SpOK7KeswAZsRgGNo30.QwkE4uM0vx6DxAs1v4eIJtytBMsGvGSFTQbWG3KTOLk%26dib_tag%3Dse%26keywords%3Dlaptop%26qid%3D1729655123%26sprefix%3Dlaptop%252Caps%252C224%26sr%3D8-17-spons%26sp_csd%3Dd2lkZ2V0TmFtZT1zcF9hdGZfbmV4dA%26psc%3D1
27,"Lenovo ThinkPad E16 Intel Core i5 13th Gen 16"" WUXGA IPS 300 Nits Thin and Light Laptop (16GB RAM/512GB SSD/Windows 11 Home/FPR/Black/1Y Onsite/1.77 kg), 21JNS0QE00  ","68,990",https://amazon.in//sspa/click?ie=UTF8&spc=MToyNDk2MTEyMDQ2MDQzNzk0OjE3Mjk2NTUxMjM6c3BfYXRmX25leHQ6MzAwMzE0Mzc2NTUyOTMyOjowOjo&url=%2FLenovo-ThinkPad-Laptop-Windows-21JNS0QE00%2Fdp%2FB0D6749MG1%2Fref%3Dsr_1_18_sspa%3Fcrid%3D4DC3J2RVS6HW%26dib%3DeyJ2IjoiMSJ9.X52LootGKUCe9O6i9DNlhqdnD2UNkmBlSJMtCF1kDZf5Xd_CEcm15xi_ZxihvoAtjhyb_hQcdQQRARAhL5Bfmh-tL2mRPak4JycUFy90p_j5c4YcLpRTipgV-iHQzQ-twU3R1Y0q6WYZorPwB04GTT7QoeMdxVsCFv2MwFFx_kwfUHuNzOV7pY-h8dJAESZvFY4JXNI_KvyIx2RRAk58IjD_SpOK7KeswAZsRgGNo30.QwkE4uM0vx6DxAs1v4eIJtytBMsGvGSFTQbWG3KTOLk%26dib_tag%3Dse%26keywords%3Dlaptop%26qid%3D1729655123%26sprefix%3Dlaptop%252Caps%252C224%26sr%3D8-18-spons%26sp_csd%3Dd2lkZ2V0TmFtZT1zcF9hdGZfbmV4dA%26psc%3D1
28,"Apple MacBook Air Laptop: Apple M1 chip, 13.3-inch/33.74 cm Retina Display, 8GB RAM, 256GB SSD Storage, Backlit Keyboard, FaceTime HD Camera, Touch ID. Works with iPhone/iPad; Space Grey  ","56,990",https://amazon.in//Apple-MacBook-Chip-13-inch-256GB/dp/B08N5W4NNB/ref=sr_1_19?crid=4DC3J2RVS6HW&dib=eyJ2IjoiMSJ9.X52LootGKUCe9O6i9DNlhqdnD2UNkmBlSJMtCF1kDZf5Xd_CEcm15xi_ZxihvoAtjhyb_hQcdQQRARAhL5Bfmh-tL2mRPak4JycUFy90p_j5c4YcLpRTipgV-iHQzQ-twU3R1Y0q6WYZorPwB04GTT7QoeMdxVsCFv2MwFFx_kwfUHuNzOV7pY-h8dJAESZvFY4JXNI_KvyIx2RRAk58IjD_SpOK7KeswAZsRgGNo30.QwkE4uM0vx6DxAs1v4eIJtytBMsGvGSFTQbWG3KTOLk&dib_tag=se&keywords=laptop&qid=1729655123&sprefix=laptop%2Caps%2C224&sr=8-19
29,"(Refurbished) Lenovo ThinkPad 5th Gen Intel Core i5 Thin & Light HD Laptop (8 GB RAM/256 GB SSD/14"" (35.6 cm) HD/Windows 10 Pro/MS Office/WiFi/Webcam/Intel Graphics), Black  ","12,783",https://amazon.in//Refurbished-Lenovo-ThinkPad-Windows-Graphics/dp/B0CR495DW5/ref=sr_1_21?crid=4DC3J2RVS6HW&dib=eyJ2IjoiMSJ9.X52LootGKUCe9O6i9DNlhqdnD2UNkmBlSJMtCF1kDZf5Xd_CEcm15xi_ZxihvoAtjhyb_hQcdQQRARAhL5Bfmh-tL2mRPak4JycUFy90p_j5c4YcLpRTipgV-iHQzQ-twU3R1Y0q6WYZorPwB04GTT7QoeMdxVsCFv2MwFFx_kwfUHuNzOV7pY-h8dJAESZvFY4JXNI_KvyIx2RRAk58IjD_SpOK7KeswAZsRgGNo30.QwkE4uM0vx6DxAs1v4eIJtytBMsGvGSFTQbWG3KTOLk&dib_tag=se&keywords=laptop&qid=1729655123&sprefix=laptop%2Caps%2C224&sr=8-21
30,"Lenovo IdeaPad 1 AMD Ryzen 5 5500U 15.6"" (39.62cm) FHD Thin & Light Laptop (8GB/512GB SSD/Integrated AMD Graphics/Windows 11/Office 2021/HD Camera/1 Year ADP Free/Grey/1.6Kg), 82R400BRIN  ","35,690",https://amazon.in//sspa/click?ie=UTF8&spc=MToxMDUyOTEyMjM3MTcwNjYxOjE3Mjk2NTUxMjM6c3Bfc2VhcmNoX3RoZW1hdGljOjIwMTA3NDQwMDY5MTk4OjowOjo&url=%2FLenovo-IdeaPad-39-62cm-Windows-82R400BGIN%2Fdp%2FB09MM58Y7Q%2Fref%3Dsxin_12_pa_sp_search_thematic_sspa%3Fcontent-id%3Damzn1.sym.59126330-c308-4c36-a5a0-21cac002681f%253Aamzn1.sym.59126330-c308-4c36-a5a0-21cac002681f%26crid%3D4DC3J2RVS6HW%26cv_ct_cx%3Dlaptop%26dib%3DeyJ2IjoiMSJ9.4l4IV7UQ7CrZYp4qBOV-3TlKosny8SQR-ONPm9oT4pRvvzAvu2lmGQ-Hhg6VYm9Ekx6kdQuCSw6rg_azJYgdBA.OCsxpOo0VxcpMJu74mteRh6v5AMnyRmGo1rHt9WUVcY%26dib_tag%3Dse%26keywords%3Dlaptop%26pd_rd_i%3DB09MM58Y7Q%26pd_rd_r%3D55cd091f-e981-4fb1-8927-fcb8d2ce5439%26pd_rd_w%3DqHXpv%26pd_rd_wg%3DRDPht%26pf_rd_p%3D59126330-c308-4c36-a5a0-21cac002681f%26pf_rd_r%3DTDZFJZ0GNXARQF9Y16MH%26qid%3D1729655123%26sbo%3DRZvfv%252F%252FHxDF%252BO5021pAnSA%253D%253D%26sprefix%3Dlaptop%252Caps%252C224%26sr%3D1-17-2ec22325-1003-449d-8aaf-c0bcc24717ae-spons%26sp_csd%3Dd2lkZ2V0TmFtZT1zcF9zZWFyY2hfdGhlbWF0aWM%26psc%3D1
31,"Lenovo [Smartchoice LOQ 12th Gen Intel Core i5-12450HX /39.6cm/ 144Hz 300Nits FHD Gaming Laptop (16GB/512GB SSD/Win 11/ RTX 3050 6GB Graphics/100% sRGB/MSO 21/3 Mon Game Pass/Grey/2.4Kg), 83GS003UIN  ","66,190",https://amazon.in//sspa/click?ie=UTF8&spc=MToxMDUyOTEyMjM3MTcwNjYxOjE3Mjk2NTUxMjM6c3Bfc2VhcmNoX3RoZW1hdGljOjMwMDE5MDM1NDM1MDMzMjo6MTo6&url=%2FLenovo-Smartchoice-i5-12450HX-Graphics-83GS003UIN%2Fdp%2FB0CX8XPKWJ%2Fref%3Dsxin_12_pa_sp_search_thematic_sspa%3Fcontent-id%3Damzn1.sym.59126330-c308-4c36-a5a0-21cac002681f%253Aamzn1.sym.59126330-c308-4c36-a5a0-21cac002681f%26crid%3D4DC3J2RVS6HW%26cv_ct_cx%3Dlaptop%26dib%3DeyJ2IjoiMSJ9.4l4IV7UQ7CrZYp4qBOV-3TlKosny8SQR-ONPm9oT4pRvvzAvu2lmGQ-Hhg6VYm9Ekx6kdQuCSw6rg_azJYgdBA.OCsxpOo0VxcpMJu74mteRh6v5AMnyRmGo1rHt9WUVcY%26dib_tag%3Dse%26keywords%3Dlaptop%26pd_rd_i%3DB0CX8XPKWJ%26pd_rd_r%3D55cd091f-e981-4fb1-8927-fcb8d2ce5439%26pd_rd_w%3DqHXpv%26pd_rd_wg%3DRDPht%26pf_rd_p%3D59126330-c308-4c36-a5a0-21cac002681f%26pf_rd_r%3DTDZFJZ0GNXARQF9Y16MH%26qid%3D1729655123%26sbo%3DRZvfv%252F%252FHxDF%252BO5021pAnSA%253D%253D%26sprefix%3Dlaptop%252Caps%252C224%26sr%3D1-18-2ec22325-1003-449d-8aaf-c0bcc24717ae-spons%26sp_csd%3Dd2lkZ2V0TmFtZT1zcF9zZWFyY2hfdGhlbWF0aWM%26psc%3D1
32,"HP Laptop 15s, 12th Gen Intel Core i3, 15.6-inch (39.6 cm), 8GB DDR4, 512GB SSD, Thin & Light, Dual Speakers (Win 11, MSO 2021, Silver, 1.69 kg), fq5007TU / FQ5327TU  ","35,990",https://amazon.in//sspa/click?ie=UTF8&spc=MToxMDUyOTEyMjM3MTcwNjYxOjE3Mjk2NTUxMjM6c3Bfc2VhcmNoX3RoZW1hdGljOjMwMDE2NzAzNDc1MDAzMjo6Mjo6&url=%2FHP-i3-1215U-15-6-inch-Graphics-Speakers%2Fdp%2FB0BP2M7CCS%2Fref%3Dsxin_12_pa_sp_search_thematic_sspa%3Fcontent-id%3Damzn1.sym.59126330-c308-4c36-a5a0-21cac002681f%253Aamzn1.sym.59126330-c308-4c36-a5a0-21cac002681f%26crid%3D4DC3J2RVS6HW%26cv_ct_cx%3Dlaptop%26dib%3DeyJ2IjoiMSJ9.4l4IV7UQ7CrZYp4qBOV-3TlKosny8SQR-ONPm9oT4pRvvzAvu2lmGQ-Hhg6VYm9Ekx6kdQuCSw6rg_azJYgdBA.OCsxpOo0VxcpMJu74mteRh6v5AMnyRmGo1rHt9WUVcY%26dib_tag%3Dse%26keywords%3Dlaptop%26pd_rd_i%3DB0BP2M7CCS%26pd_rd_r%3D55cd091f-e981-4fb1-8927-fcb8d2ce5439%26pd_rd_w%3DqHXpv%26pd_rd_wg%3DRDPht%26pf_rd_p%3D59126330-c308-4c36-a5a0-21cac002681f%26pf_rd_r%3DTDZFJZ0GNXARQF9Y16MH%26qid%3D1729655123%26sbo%3DRZvfv%252F%252FHxDF%252BO5021pAnSA%253D%253D%26sprefix%3Dlaptop%252Caps%252C224%26sr%3D1-19-2ec22325-1003-449d-8aaf-c0bcc24717ae-spons%26sp_csd%3Dd2lkZ2V0TmFtZT1zcF9zZWFyY2hfdGhlbWF0aWM%26psc%3D1
33,"Lenovo V15 G2 15.6"" FHD Anti-Glare Business Laptop, Intel Celeron N4500, 8GB RAM, 256 SSD, Intel UHD Graphics, HD Camera, HD Audio, Wi-Fi, Bluetooth, Windows 11, Black,  ","22,990",https://amazon.in//Lenovo-V15-G2-Anti-Glare-Bluetooth/dp/B0CVTJSWV1/ref=sr_1_5?crid=4DC3J2RVS6HW&dib=eyJ2IjoiMSJ9.jmqaqGaY9NmwhclL3peaIYGnUKSRmVvVpryeBQ1DGLbNK-_Phwj9Yodfql9PkDC3jNR0KFxL1oE843adurORqx3hqewgPK-EBn7s--s6SJr_DOxymCtDiNvfyFxNrJc5Qo_gP1lwZRgFtx1cVsT97Z2QcW8dOrVzWDowFVrRxueu-r75P6A1g9XgIL0Fg-oocYpJJOQZU_z1z81kldEo5mlfnpt2ZB3fQEBIJ66uSs0.iqSoiqLA0H0jwv6-Mwaid9Itv-Z-g24Y5PWIbBRAFJo&dib_tag=se&keywords=laptop&qid=1729655116&sprefix=laptop%2Caps%2C224&sr=8-5
34,"Lenovo LOQ 2024 Intel Core i5-13450HX 15.6"" (39.6cm) 144Hz 300Nits FHD IPS Gaming Laptop (16GB/512GB SSD/Win 11/NVIDIA RTX 4050 6GB Graphics/MSO 21/1Yr ADP Free/3 Mon Game Pass/Grey/2.4Kg), 83DV007GIN  ","84,190",https://amazon.in//sspa/click?ie=UTF8&spc=MToxMDUyOTEyMjM3MTcwNjYxOjE3Mjk2NTUxMjM6c3Bfc2VhcmNoX3RoZW1hdGljOjMwMDI1MDI2NTAzOTMzMjo6Mzo6&url=%2FLenovo-i5-13450HX-300Nits-Graphics-83DV007GIN%2Fdp%2FB0D49W5KZP%2Fref%3Dsxin_12_pa_sp_search_thematic_sspa%3Fcontent-id%3Damzn1.sym.59126330-c308-4c36-a5a0-21cac002681f%253Aamzn1.sym.59126330-c308-4c36-a5a0-21cac002681f%26crid%3D4DC3J2RVS6HW%26cv_ct_cx%3Dlaptop%26dib%3DeyJ2IjoiMSJ9.4l4IV7UQ7CrZYp4qBOV-3TlKosny8SQR-ONPm9oT4pRvvzAvu2lmGQ-Hhg6VYm9Ekx6kdQuCSw6rg_azJYgdBA.OCsxpOo0VxcpMJu74mteRh6v5AMnyRmGo1rHt9WUVcY%26dib_tag%3Dse%26keywords%3Dlaptop%26pd_rd_i%3DB0D49W5KZP%26pd_rd_r%3D55cd091f-e981-4fb1-8927-fcb8d2ce5439%26pd_rd_w%3DqHXpv%26pd_rd_wg%3DRDPht%26pf_rd_p%3D59126330-c308-4c36-a5a0-21cac002681f%26pf_rd_r%3DTDZFJZ0GNXARQF9Y16MH%26qid%3D1729655123%26sbo%3DRZvfv%252F%252FHxDF%252BO5021pAnSA%253D%253D%26sprefix%3Dlaptop%252Caps%252C224%26sr%3D1-20-2ec22325-1003-449d-8aaf-c0bcc24717ae-spons%26sp_csd%3Dd2lkZ2V0TmFtZT1zcF9zZWFyY2hfdGhlbWF0aWM%26psc%3D1
35,"HP Pavilion 14 12th Gen Intel Core i7 16GB SDRAM/1TB SSD 14 inch(35.6cm) FHD,IPS,Micro-Edge Display/Intel Iris Xe Graphics/B&O/Win 11/Backlit KB/FPR/MSO 2021/Natural Silver,14-dv2015TU  ","76,990",https://amazon.in//sspa/click?ie=UTF8&spc=MToxMDUyOTEyMjM3MTcwNjYxOjE3Mjk2NTUxMjM6c3Bfc2VhcmNoX3RoZW1hdGljOjMwMDEyMDAyNjk0MTgzMjo6NDo6&url=%2FHP-Pavilion-Micro-Edge-Graphics-14-dv2015TU%2Fdp%2FB0B1MBFJJ2%2Fref%3Dsxin_12_pa_sp_search_thematic_sspa%3Fcontent-id%3Damzn1.sym.59126330-c308-4c36-a5a0-21cac002681f%253Aamzn1.sym.59126330-c308-4c36-a5a0-21cac002681f%26crid%3D4DC3J2RVS6HW%26cv_ct_cx%3Dlaptop%26dib%3DeyJ2IjoiMSJ9.4l4IV7UQ7CrZYp4qBOV-3TlKosny8SQR-ONPm9oT4pRvvzAvu2lmGQ-Hhg6VYm9Ekx6kdQuCSw6rg_azJYgdBA.OCsxpOo0VxcpMJu74mteRh6v5AMnyRmGo1rHt9WUVcY%26dib_tag%3Dse%26keywords%3Dlaptop%26pd_rd_i%3DB0B1MBFJJ2%26pd_rd_r%3D55cd091f-e981-4fb1-8927-fcb8d2ce5439%26pd_rd_w%3DqHXpv%26pd_rd_wg%3DRDPht%26pf_rd_p%3D59126330-c308-4c36-a5a0-21cac002681f%26pf_rd_r%3DTDZFJZ0GNXARQF9Y16MH%26qid%3D1729655123%26sbo%3DRZvfv%252F%252FHxDF%252BO5021pAnSA%253D%253D%26sprefix%3Dlaptop%252Caps%252C224%26sr%3D1-21-2ec22325-1003-449d-8aaf-c0bcc24717ae-spons%26sp_csd%3Dd2lkZ2V0TmFtZT1zcF9zZWFyY2hfdGhlbWF0aWM%26psc%3D1
36,"Lenovo V14 G3 (2024), Intel Core i5 12th Gen 1235U - (8GB/512GB SSD/Intel Integrated UHD Graphics/Windows 11 Pro) Thin and Light Business Laptop/14.0"" FHD Display/Iron Grey/1.57 kg/MS Office 2021  ","37,800",https://amazon.in//Lenovo-V14-G3-Intel-1235U/dp/B0DGL4G9Q9/ref=sr_1_22?crid=4DC3J2RVS6HW&dib=eyJ2IjoiMSJ9.X52LootGKUCe9O6i9DNlhqdnD2UNkmBlSJMtCF1kDZf5Xd_CEcm15xi_ZxihvoAtjhyb_hQcdQQRARAhL5Bfmh-tL2mRPak4JycUFy90p_j5c4YcLpRTipgV-iHQzQ-twU3R1Y0q6WYZorPwB04GTT7QoeMdxVsCFv2MwFFx_kwfUHuNzOV7pY-h8dJAESZvFY4JXNI_KvyIx2RRAk58IjD_SpOK7KeswAZsRgGNo30.QwkE4uM0vx6DxAs1v4eIJtytBMsGvGSFTQbWG3KTOLk&dib_tag=se&keywords=laptop&qid=1729655123&sprefix=laptop%2Caps%2C224&sr=8-22
37,"Acer Aspire Lite 13th Gen Intel Core i3-1305U Thin and Light Premium Laptop (Windows 11 Home/8 GB RAM/512GB SSD/36 WHR) AL15-53 with 39.62cm (15.6"") Full HD Display, Metal Body, Steel Gray, 1.59 KG  ","31,990",https://amazon.in//Acer-i3-1305U-Premium-Windows-AL15-53/dp/B0DB1SDB87/ref=sr_1_23?crid=4DC3J2RVS6HW&dib=eyJ2IjoiMSJ9.X52LootGKUCe9O6i9DNlhqdnD2UNkmBlSJMtCF1kDZf5Xd_CEcm15xi_ZxihvoAtjhyb_hQcdQQRARAhL5Bfmh-tL2mRPak4JycUFy90p_j5c4YcLpRTipgV-iHQzQ-twU3R1Y0q6WYZorPwB04GTT7QoeMdxVsCFv2MwFFx_kwfUHuNzOV7pY-h8dJAESZvFY4JXNI_KvyIx2RRAk58IjD_SpOK7KeswAZsRgGNo30.QwkE4uM0vx6DxAs1v4eIJtytBMsGvGSFTQbWG3KTOLk&dib_tag=se&keywords=laptop&qid=1729655123&sprefix=laptop%2Caps%2C224&sr=8-23
38,"Acer Aspire Lite AMD Ryzen 3 5300U Premium Thin and Light Laptop (Windows 11 Home/16 GB RAM/512 GB SSD) AL15-41 with 39.62 cm (15.6"") Full HD Display, Metal Body, Steel Gray, 1.6 KG  ","26,990",https://amazon.in//Acer-Premium-Windows-AL15-41-Display/dp/B0CWTYGPH8/ref=sr_1_24?crid=4DC3J2RVS6HW&dib=eyJ2IjoiMSJ9.X52LootGKUCe9O6i9DNlhqdnD2UNkmBlSJMtCF1kDZf5Xd_CEcm15xi_ZxihvoAtjhyb_hQcdQQRARAhL5Bfmh-tL2mRPak4JycUFy90p_j5c4YcLpRTipgV-iHQzQ-twU3R1Y0q6WYZorPwB04GTT7QoeMdxVsCFv2MwFFx_kwfUHuNzOV7pY-h8dJAESZvFY4JXNI_KvyIx2RRAk58IjD_SpOK7KeswAZsRgGNo30.QwkE4uM0vx6DxAs1v4eIJtytBMsGvGSFTQbWG3KTOLk&dib_tag=se&keywords=laptop&qid=1729655123&sprefix=laptop%2Caps%2C224&sr=8-24
39,"ASUS Vivobook 14 Thin and Light Laptop, Core i3-1215U 12th Gen, 14"" (35.56 cm) FHD, 60Hz (8GB RAM/512GB SSD/Windows 11/Office 2021/Fingerprint/42WHr /Blue/1.40 kg), X1404ZA-NK321WS  ","31,990",https://amazon.in//ASUS-Vivobook-IntelCore-Fingerprint-X1404ZA-NK321WS/dp/B0CCP9PH92/ref=sr_1_25?crid=4DC3J2RVS6HW&dib=eyJ2IjoiMSJ9.X52LootGKUCe9O6i9DNlhqdnD2UNkmBlSJMtCF1kDZf5Xd_CEcm15xi_ZxihvoAtjhyb_hQcdQQRARAhL5Bfmh-tL2mRPak4JycUFy90p_j5c4YcLpRTipgV-iHQzQ-twU3R1Y0q6WYZorPwB04GTT7QoeMdxVsCFv2MwFFx_kwfUHuNzOV7pY-h8dJAESZvFY4JXNI_KvyIx2RRAk58IjD_SpOK7KeswAZsRgGNo30.QwkE4uM0vx6DxAs1v4eIJtytBMsGvGSFTQbWG3KTOLk&dib_tag=se&keywords=laptop&qid=1729655123&sprefix=laptop%2Caps%2C224&sr=8-25
40,"Acer [Smartchoice Aspire Lite AMD Ryzen 3 5300U Premium Thin and Light Laptop (Windows 11 Home/8 GB RAM/512 GB SSD) AL15-41 with 39.62 cm (15.6"") Full HD Display, Metal Body, Steel Gray, 1.6 KG  ","24,990",https://amazon.in//Acer-Smartchoice-Premium-Windows-AL15-41/dp/B0CWTSF1TK/ref=sr_1_26?crid=4DC3J2RVS6HW&dib=eyJ2IjoiMSJ9.X52LootGKUCe9O6i9DNlhqdnD2UNkmBlSJMtCF1kDZf5Xd_CEcm15xi_ZxihvoAtjhyb_hQcdQQRARAhL5Bfmh-tL2mRPak4JycUFy90p_j5c4YcLpRTipgV-iHQzQ-twU3R1Y0q6WYZorPwB04GTT7QoeMdxVsCFv2MwFFx_kwfUHuNzOV7pY-h8dJAESZvFY4JXNI_KvyIx2RRAk58IjD_SpOK7KeswAZsRgGNo30.QwkE4uM0vx6DxAs1v4eIJtytBMsGvGSFTQbWG3KTOLk&dib_tag=se&keywords=laptop&qid=1729655123&sprefix=laptop%2Caps%2C224&sr=8-26
41,"Acer [Smartchoice Aspire Lite AMD Ryzen 3 5300U Premium Thin and Light Laptop (Windows 11 Home/8 GB RAM/512 GB SSD) AL15-41 with 39.62 cm (15.6"") Full HD Display, Metal Body, Steel Gray, 1.6 KG  ","24,990",https://amazon.in//sspa/click?ie=UTF8&spc=MToyNDk2MTEyMDQ2MDQzNzk0OjE3Mjk2NTUxMjM6c3BfbXRmOjMwMDE5MzkwOTY5NzAzMjo6MDo6&url=%2FAcer-Smartchoice-Premium-Windows-AL15-41%2Fdp%2FB0CWTSF1TK%2Fref%3Dsr_1_27_sspa%3Fcrid%3D4DC3J2RVS6HW%26dib%3DeyJ2IjoiMSJ9.X52LootGKUCe9O6i9DNlhqdnD2UNkmBlSJMtCF1kDZf5Xd_CEcm15xi_ZxihvoAtjhyb_hQcdQQRARAhL5Bfmh-tL2mRPak4JycUFy90p_j5c4YcLpRTipgV-iHQzQ-twU3R1Y0q6WYZorPwB04GTT7QoeMdxVsCFv2MwFFx_kwfUHuNzOV7pY-h8dJAESZvFY4JXNI_KvyIx2RRAk58IjD_SpOK7KeswAZsRgGNo30.QwkE4uM0vx6DxAs1v4eIJtytBMsGvGSFTQbWG3KTOLk%26dib_tag%3Dse%26keywords%3Dlaptop%26qid%3D1729655123%26sprefix%3Dlaptop%252Caps%252C224%26sr%3D8-27-spons%26sp_csd%3Dd2lkZ2V0TmFtZT1zcF9tdGY%26psc%3D1
42,"Acer Aspire Lite 12th Gen Intel Core i3-1215U Premium Metal Laptop (Windows 11 Home/8 GB RAM/512GB SSD) AL15-52, 39.62cm (15.6"") Full HD Display, Metal Body, Steel Gray, 1.59 Kg  ","27,990",https://amazon.in//sspa/click?ie=UTF8&spc=MToyNDk2MTEyMDQ2MDQzNzk0OjE3Mjk2NTUxMjM6c3BfbXRmOjMwMDM3NDU3Mjk2NTczMjo6MDo6&url=%2FAcer-i3-1215U-Premium-Windows-AL15-52%2Fdp%2FB0CKLN7PSZ%2Fref%3Dsr_1_28_sspa%3Fcrid%3D4DC3J2RVS6HW%26dib%3DeyJ2IjoiMSJ9.X52LootGKUCe9O6i9DNlhqdnD2UNkmBlSJMtCF1kDZf5Xd_CEcm15xi_ZxihvoAtjhyb_hQcdQQRARAhL5Bfmh-tL2mRPak4JycUFy90p_j5c4YcLpRTipgV-iHQzQ-twU3R1Y0q6WYZorPwB04GTT7QoeMdxVsCFv2MwFFx_kwfUHuNzOV7pY-h8dJAESZvFY4JXNI_KvyIx2RRAk58IjD_SpOK7KeswAZsRgGNo30.QwkE4uM0vx6DxAs1v4eIJtytBMsGvGSFTQbWG3KTOLk%26dib_tag%3Dse%26keywords%3Dlaptop%26qid%3D1729655123%26sprefix%3Dlaptop%252Caps%252C224%26sr%3D8-28-spons%26sp_csd%3Dd2lkZ2V0TmFtZT1zcF9tdGY%26psc%3D1
43,"Acer Aspire Lite AMD Ryzen 5-5625U Premium Thin and Light Laptop (16 GB RAM/512 GB SSD/Windows 11 Home) AL15-41, 39.62 cm (15.6"") Full HD Display, Metal Body, Steel Gray, 1.59 KG  ","32,990",https://amazon.in//Acer-5-5625U-Premium-Windows-AL15-41/dp/B0DG2GCTD7/ref=sr_1_29?crid=4DC3J2RVS6HW&dib=eyJ2IjoiMSJ9.X52LootGKUCe9O6i9DNlhqdnD2UNkmBlSJMtCF1kDZf5Xd_CEcm15xi_ZxihvoAtjhyb_hQcdQQRARAhL5Bfmh-tL2mRPak4JycUFy90p_j5c4YcLpRTipgV-iHQzQ-twU3R1Y0q6WYZorPwB04GTT7QoeMdxVsCFv2MwFFx_kwfUHuNzOV7pY-h8dJAESZvFY4JXNI_KvyIx2RRAk58IjD_SpOK7KeswAZsRgGNo30.QwkE4uM0vx6DxAs1v4eIJtytBMsGvGSFTQbWG3KTOLk&dib_tag=se&keywords=laptop&qid=1729655123&sprefix=laptop%2Caps%2C224&sr=8-29
44,"Acer Nitro V Gaming Laptop AMD Ryzen 7-7735HS with RTX 3050 6 GB Graphics (16 GB DDR5/512GB SSD/Windows 11 Home/Wi-Fi 6/144Hz) ANV15-41, 15.6"" FHD Display, 2.1 KG  ","65,990",https://amazon.in//sspa/click?ie=UTF8&spc=MTo4MjI3MTgwNDkxNjcwNzI6MTcyOTY1NTExNjpzcF9zZWFyY2hfdGhlbWF0aWM6MzAwMzQ0MDM0NjI3NTMyOjowOjo&url=%2FAcer-7-7735HS-Graphics-Windows-ANV15-41%2Fdp%2FB0DFWVTQQ7%2Fref%3Dsxin_12_pa_sp_search_thematic_sspa%3Fcontent-id%3Damzn1.sym.4f5cf6db-0ea7-4215-8f6c-97eaf984152d%253Aamzn1.sym.4f5cf6db-0ea7-4215-8f6c-97eaf984152d%26crid%3D4DC3J2RVS6HW%26cv_ct_cx%3Dlaptop%26dib%3DeyJ2IjoiMSJ9.RgvuVpf0LCnDxjOjLJNk6ThHr318cGqLkfNs559NT5yw1rYUgtwx4XgnamPllj1idXqXPX_Lrq6vfVFaXGneEg.neMd7RiDR78Bn8c_ViHcVWK9pQuS6NprBG3ZYbdsMMM%26dib_tag%3Dse%26keywords%3Dlaptop%26pd_rd_i%3DB0DFWVTQQ7%26pd_rd_r%3D321d7e2f-90de-4559-a6e9-0bf9bf20045f%26pd_rd_w%3Do8AIB%26pd_rd_wg%3DLKZMd%26pf_rd_p%3D4f5cf6db-0ea7-4215-8f6c-97eaf984152d%26pf_rd_r%3DTWGSH3ZV40YBVD4X2F6D%26qid%3D1729655116%26sbo%3DRZvfv%252F%252FHxDF%252BO5021pAnSA%253D%253D%26sprefix%3Dlaptop%252Caps%252C224%26sr%3D1-1-4e480fe6-dd02-46af-8da7-58088322ef64-spons%26sp_csd%3Dd2lkZ2V0TmFtZT1zcF9zZWFyY2hfdGhlbWF0aWM%26psc%3D1
45,"Acer Aspire 3 Laptop Intel Core Celeron N4500 Processor Laptop (8 GB LPDDR4X SDRAM/512 GB SSD/Win11 Home/38 Whr/HD Webcam) A324-45 with 35.56 cm (14"") HD Display, Pure Silver, 1.3 KG  ","19,990",https://amazon.in//Acer-Celeron-Processor-LPDDR4X-A324-45/dp/B0D7PSTHRD/ref=sr_1_30?crid=4DC3J2RVS6HW&dib=eyJ2IjoiMSJ9.X52LootGKUCe9O6i9DNlhqdnD2UNkmBlSJMtCF1kDZf5Xd_CEcm15xi_ZxihvoAtjhyb_hQcdQQRARAhL5Bfmh-tL2mRPak4JycUFy90p_j5c4YcLpRTipgV-iHQzQ-twU3R1Y0q6WYZorPwB04GTT7QoeMdxVsCFv2MwFFx_kwfUHuNzOV7pY-h8dJAESZvFY4JXNI_KvyIx2RRAk58IjD_SpOK7KeswAZsRgGNo30.QwkE4uM0vx6DxAs1v4eIJtytBMsGvGSFTQbWG3KTOLk&dib_tag=se&keywords=laptop&qid=1729655123&sprefix=laptop%2Caps%2C224&sr=8-30
46,"Lenovo V14 G3 (2024), Intel Core i5 12th Gen 1235U - (16GB/512GB SSD/Intel UHD Graphics/Windows 11 Home) Thin and Light Business Laptop/14.0"" FHD Display/Iron Grey/1.57 kg/MS Office 2021 Pro Plus  ","41,990",https://amazon.in//Lenovo-Intel-Core-12th-1235U/dp/B0DJCNMC4C/ref=sr_1_31?crid=4DC3J2RVS6HW&dib=eyJ2IjoiMSJ9.X52LootGKUCe9O6i9DNlhqdnD2UNkmBlSJMtCF1kDZf5Xd_CEcm15xi_ZxihvoAtjhyb_hQcdQQRARAhL5Bfmh-tL2mRPak4JycUFy90p_j5c4YcLpRTipgV-iHQzQ-twU3R1Y0q6WYZorPwB04GTT7QoeMdxVsCFv2MwFFx_kwfUHuNzOV7pY-h8dJAESZvFY4JXNI_KvyIx2RRAk58IjD_SpOK7KeswAZsRgGNo30.QwkE4uM0vx6DxAs1v4eIJtytBMsGvGSFTQbWG3KTOLk&dib_tag=se&keywords=laptop&qid=1729655123&sprefix=laptop%2Caps%2C224&sr=8-31
47,"HP Laptop 255 G9 (2024), AMD Athlon Silver 3050U - (8GB/256GB SSD/AMD Radeon Graphics/Windows 11 Pro) Thin and Light Business Laptop/15.6"" (39.62cm)/Black/1.47 kg/MS Office 2021 Pro Plus  ","22,930",https://amazon.in//HP-Laptop-255-Athlon-Silver/dp/B0DJCTPW2L/ref=sr_1_32?crid=4DC3J2RVS6HW&dib=eyJ2IjoiMSJ9.X52LootGKUCe9O6i9DNlhqdnD2UNkmBlSJMtCF1kDZf5Xd_CEcm15xi_ZxihvoAtjhyb_hQcdQQRARAhL5Bfmh-tL2mRPak4JycUFy90p_j5c4YcLpRTipgV-iHQzQ-twU3R1Y0q6WYZorPwB04GTT7QoeMdxVsCFv2MwFFx_kwfUHuNzOV7pY-h8dJAESZvFY4JXNI_KvyIx2RRAk58IjD_SpOK7KeswAZsRgGNo30.QwkE4uM0vx6DxAs1v4eIJtytBMsGvGSFTQbWG3KTOLk&dib_tag=se&keywords=laptop&qid=1729655123&sprefix=laptop%2Caps%2C224&sr=8-32
48,(Refurbished) Dell Precision 5540 Laptop / Intel Core i9-9880H / 32GB RAM / 1TB SSD / Nvidia Quadro T2000 with 4GB Graphics / Windows 11 Pro / 15.6 inches Ultra HD 4K Touchscreen Display  ,"61,999",https://amazon.in//Refurbished-Dell-Precision-i9-9880H-Touchscreen/dp/B0DJ3LG1LD/ref=sr_1_33?crid=4DC3J2RVS6HW&dib=eyJ2IjoiMSJ9.X52LootGKUCe9O6i9DNlhqdnD2UNkmBlSJMtCF1kDZf5Xd_CEcm15xi_ZxihvoAtjhyb_hQcdQQRARAhL5Bfmh-tL2mRPak4JycUFy90p_j5c4YcLpRTipgV-iHQzQ-twU3R1Y0q6WYZorPwB04GTT7QoeMdxVsCFv2MwFFx_kwfUHuNzOV7pY-h8dJAESZvFY4JXNI_KvyIx2RRAk58IjD_SpOK7KeswAZsRgGNo30.QwkE4uM0vx6DxAs1v4eIJtytBMsGvGSFTQbWG3KTOLk&dib_tag=se&keywords=laptop&qid=1729655123&sprefix=laptop%2Caps%2C224&sr=8-33
49,(Refurbished) Lenovo ThinkPad T470 7th Gen Intel Core i5 Thin & Light HD Touchscreen Laptop (8 GB DDR4 RAM/256 GB SSD/14 (35.6 cm) HD/Windows 11/MS Office/WiFi/Bluetooth/Webcam/Intel HD Graphics)  ,"16,000",https://amazon.in//Refurbished-Lenovo-ThinkPad-Touchscreen-Bluetooth/dp/B0DJ18SY5Z/ref=sr_1_34?crid=4DC3J2RVS6HW&dib=eyJ2IjoiMSJ9.X52LootGKUCe9O6i9DNlhqdnD2UNkmBlSJMtCF1kDZf5Xd_CEcm15xi_ZxihvoAtjhyb_hQcdQQRARAhL5Bfmh-tL2mRPak4JycUFy90p_j5c4YcLpRTipgV-iHQzQ-twU3R1Y0q6WYZorPwB04GTT7QoeMdxVsCFv2MwFFx_kwfUHuNzOV7pY-h8dJAESZvFY4JXNI_KvyIx2RRAk58IjD_SpOK7KeswAZsRgGNo30.QwkE4uM0vx6DxAs1v4eIJtytBMsGvGSFTQbWG3KTOLk&dib_tag=se&keywords=laptop&qid=1729655123&sprefix=laptop%2Caps%2C224&sr=8-34
50,"FUTOPIA ULTIMUS PRO [2024] Intel Dual Core ~2.8 GHz 4GB RAM 128 GB eMMC Expandable ~ 512 GB, 14.1"" HD Display Intel HD Graphics Win 11 Home 1.20 Kg Thin & Light Laptop Space Grey  ","10,490",https://amazon.in//FUTOPIA-ULTIMUS-Celeron-Expandable-Graphics/dp/B0CY2PQKSM/ref=sr_1_35?crid=4DC3J2RVS6HW&dib=eyJ2IjoiMSJ9.X52LootGKUCe9O6i9DNlhqdnD2UNkmBlSJMtCF1kDZf5Xd_CEcm15xi_ZxihvoAtjhyb_hQcdQQRARAhL5Bfmh-tL2mRPak4JycUFy90p_j5c4YcLpRTipgV-iHQzQ-twU3R1Y0q6WYZorPwB04GTT7QoeMdxVsCFv2MwFFx_kwfUHuNzOV7pY-h8dJAESZvFY4JXNI_KvyIx2RRAk58IjD_SpOK7KeswAZsRgGNo30.QwkE4uM0vx6DxAs1v4eIJtytBMsGvGSFTQbWG3KTOLk&dib_tag=se&keywords=laptop&qid=1729655123&sprefix=laptop%2Caps%2C224&sr=8-35
51,"MSI Thin 15, Intel Core i5-12450H, 40CM FHD 144Hz Gaming Laptop(16GB/512GB NVMe SSD/Windows 11 Home/NVIDIA GeForce RTX 2050,GDDR 4GB /Cosmos Gray/1.86Kg), B12UCX-1695IN  ","46,980",https://amazon.in//MSI-i5-12450H-Windows-GeForce-B12UCX-1695IN/dp/B0CV9S9VTD/ref=sr_1_36?crid=4DC3J2RVS6HW&dib=eyJ2IjoiMSJ9.X52LootGKUCe9O6i9DNlhqdnD2UNkmBlSJMtCF1kDZf5Xd_CEcm15xi_ZxihvoAtjhyb_hQcdQQRARAhL5Bfmh-tL2mRPak4JycUFy90p_j5c4YcLpRTipgV-iHQzQ-twU3R1Y0q6WYZorPwB04GTT7QoeMdxVsCFv2MwFFx_kwfUHuNzOV7pY-h8dJAESZvFY4JXNI_KvyIx2RRAk58IjD_SpOK7KeswAZsRgGNo30.QwkE4uM0vx6DxAs1v4eIJtytBMsGvGSFTQbWG3KTOLk&dib_tag=se&keywords=laptop&qid=1729655123&sprefix=laptop%2Caps%2C224&sr=8-36
52,"Acer Aspire Lite 12th Gen Intel Core i5-1235U Premium Laptop (16GB RAM/512GB SSD/Win11 Home&Student/Intel Graphics/MSO) AL15-52, 39.62cm (15.6"") Full HD Display, Backlit Keyboard, Steel Gray, 1.59KG  ","40,990",https://amazon.in//sspa/click?ie=UTF8&spc=MToyNDk2MTEyMDQ2MDQzNzk0OjE3Mjk2NTUxMjM6c3BfYnRmOjMwMDI4NjE4OTIxNzczMjo6MDo6&url=%2FAcer-i5-1235U-Graphics-AL15-52-Keyboard%2Fdp%2FB0D4Z8WJY4%2Fref%3Dsr_1_37_sspa%3Fcrid%3D4DC3J2RVS6HW%26dib%3DeyJ2IjoiMSJ9.X52LootGKUCe9O6i9DNlhqdnD2UNkmBlSJMtCF1kDZf5Xd_CEcm15xi_ZxihvoAtjhyb_hQcdQQRARAhL5Bfmh-tL2mRPak4JycUFy90p_j5c4YcLpRTipgV-iHQzQ-twU3R1Y0q6WYZorPwB04GTT7QoeMdxVsCFv2MwFFx_kwfUHuNzOV7pY-h8dJAESZvFY4JXNI_KvyIx2RRAk58IjD_SpOK7KeswAZsRgGNo30.QwkE4uM0vx6DxAs1v4eIJtytBMsGvGSFTQbWG3KTOLk%26dib_tag%3Dse%26keywords%3Dlaptop%26qid%3D1729655123%26sprefix%3Dlaptop%252Caps%252C224%26sr%3D8-37-spons%26sp_csd%3Dd2lkZ2V0TmFtZT1zcF9idGY%26psc%3D1
53,"Apple 2024 MacBook Air 15â€³ Laptop with M3 chip: 38.91 cm (15.3â€³) Liquid Retina Display, 16GB Unified Memory, 512GB SSD Storage, Backlit Keyboard, 1080p FaceTime HD Camera, Touch ID- Starlight  ","1,59,990",https://amazon.in//sspa/click?ie=UTF8&spc=MToyNDk2MTEyMDQ2MDQzNzk0OjE3Mjk2NTUxMjM6c3BfYnRmOjMwMDM1MDY5ODMxMjQzMjo6MDo6&url=%2FApple-2024-MacBook-Laptop-chip%2Fdp%2FB0CX22LYY9%2Fref%3Dsr_1_38_sspa%3Fcrid%3D4DC3J2RVS6HW%26dib%3DeyJ2IjoiMSJ9.X52LootGKUCe9O6i9DNlhqdnD2UNkmBlSJMtCF1kDZf5Xd_CEcm15xi_ZxihvoAtjhyb_hQcdQQRARAhL5Bfmh-tL2mRPak4JycUFy90p_j5c4YcLpRTipgV-iHQzQ-twU3R1Y0q6WYZorPwB04GTT7QoeMdxVsCFv2MwFFx_kwfUHuNzOV7pY-h8dJAESZvFY4JXNI_KvyIx2RRAk58IjD_SpOK7KeswAZsRgGNo30.QwkE4uM0vx6DxAs1v4eIJtytBMsGvGSFTQbWG3KTOLk%26dib_tag%3Dse%26keywords%3Dlaptop%26qid%3D1729655123%26sprefix%3Dlaptop%252Caps%252C224%26sr%3D8-38-spons%26sp_csd%3Dd2lkZ2V0TmFtZT1zcF9idGY%26psc%3D1
54,"Acer Nitro V Gaming Laptop AMD Ryzen 7-7735HS with RTX 4050 6 GB Graphics (16 GB DDR5/512GB SSD/Windows 11 Home/Wi-Fi 6/144Hz) ANV15-41, 15.6"" FHD Display, 2.1 KG  ","74,990",https://amazon.in//sspa/click?ie=UTF8&spc=MTo4MjI3MTgwNDkxNjcwNzI6MTcyOTY1NTExNjpzcF9zZWFyY2hfdGhlbWF0aWM6MzAwMzQ0MDM0NjI3NjMyOjoxOjo&url=%2FAcer-7-7735HS-Graphics-Windows-ANV15-41%2Fdp%2FB0DFWRZLK5%2Fref%3Dsxin_12_pa_sp_search_thematic_sspa%3Fcontent-id%3Damzn1.sym.4f5cf6db-0ea7-4215-8f6c-97eaf984152d%253Aamzn1.sym.4f5cf6db-0ea7-4215-8f6c-97eaf984152d%26crid%3D4DC3J2RVS6HW%26cv_ct_cx%3Dlaptop%26dib%3DeyJ2IjoiMSJ9.RgvuVpf0LCnDxjOjLJNk6ThHr318cGqLkfNs559NT5yw1rYUgtwx4XgnamPllj1idXqXPX_Lrq6vfVFaXGneEg.neMd7RiDR78Bn8c_ViHcVWK9pQuS6NprBG3ZYbdsMMM%26dib_tag%3Dse%26keywords%3Dlaptop%26pd_rd_i%3DB0DFWRZLK5%26pd_rd_r%3D321d7e2f-90de-4559-a6e9-0bf9bf20045f%26pd_rd_w%3Do8AIB%26pd_rd_wg%3DLKZMd%26pf_rd_p%3D4f5cf6db-0ea7-4215-8f6c-97eaf984152d%26pf_rd_r%3DTWGSH3ZV40YBVD4X2F6D%26qid%3D1729655116%26sbo%3DRZvfv%252F%252FHxDF%252BO5021pAnSA%253D%253D%26sprefix%3Dlaptop%252Caps%252C224%26sr%3D1-2-4e480fe6-dd02-46af-8da7-58088322ef64-spons%26sp_csd%3Dd2lkZ2V0TmFtZT1zcF9zZWFyY2hfdGhlbWF0aWM%26psc%3D1
55,"Lenovo IdeaPad Slim 1 AMD Ryzen 5 5500U 15.6"" HD Thin and Light Laptop (16GB/512GB SSD/Integrated AMD Graphics/Windows 11 Home/MSO 21/1Yr ADP Free/Cloud Grey/1.61Kg), 82R400ERIN  ","36,990",https://amazon.in//sspa/click?ie=UTF8&spc=MTo4MjI3MTgwNDkxNjcwNzI6MTcyOTY1NTExNjpzcF9zZWFyY2hfdGhlbWF0aWM6MzAwMzU2NDk2MjExNzMyOjoyOjo&url=%2FLenovo-IdeaPad-Laptop-Windows-82R400ERIN%2Fdp%2FB0CP2KRYLM%2Fref%3Dsxin_12_pa_sp_search_thematic_sspa%3Fcontent-id%3Damzn1.sym.4f5cf6db-0ea7-4215-8f6c-97eaf984152d%253Aamzn1.sym.4f5cf6db-0ea7-4215-8f6c-97eaf984152d%26crid%3D4DC3J2RVS6HW%26cv_ct_cx%3Dlaptop%26dib%3DeyJ2IjoiMSJ9.RgvuVpf0LCnDxjOjLJNk6ThHr318cGqLkfNs559NT5yw1rYUgtwx4XgnamPllj1idXqXPX_Lrq6vfVFaXGneEg.neMd7RiDR78Bn8c_ViHcVWK9pQuS6NprBG3ZYbdsMMM%26dib_tag%3Dse%26keywords%3Dlaptop%26pd_rd_i%3DB0CP2KRYLM%26pd_rd_r%3D321d7e2f-90de-4559-a6e9-0bf9bf20045f%26pd_rd_w%3Do8AIB%26pd_rd_wg%3DLKZMd%26pf_rd_p%3D4f5cf6db-0ea7-4215-8f6c-97eaf984152d%26pf_rd_r%3DTWGSH3ZV40YBVD4X2F6D%26qid%3D1729655116%26sbo%3DRZvfv%252F%252FHxDF%252BO5021pAnSA%253D%253D%26sprefix%3Dlaptop%252Caps%252C224%26sr%3D1-3-4e480fe6-dd02-46af-8da7-58088322ef64-spons%26sp_csd%3Dd2lkZ2V0TmFtZT1zcF9zZWFyY2hfdGhlbWF0aWM%26psc%3D1
56,"Acer Aspire Lite AMD Ryzen 5-5625U Premium Thin and Light Laptop (16 GB RAM/512 GB SSD/Windows 11 Home) AL15-41, 39.62 cm (15.6"") Full HD Display, Metal Body, Steel Gray, 1.59 KG  ","32,990",https://amazon.in//sspa/click?ie=UTF8&spc=MTo4MjI3MTgwNDkxNjcwNzI6MTcyOTY1NTExNjpzcF9zZWFyY2hfdGhlbWF0aWM6MzAwMzUwNTU1MDUzNDMyOjozOjo&url=%2FAcer-5-5625U-Premium-Windows-AL15-41%2Fdp%2FB0DG2GCTD7%2Fref%3Dsxin_12_pa_sp_search_thematic_sspa%3Fcontent-id%3Damzn1.sym.4f5cf6db-0ea7-4215-8f6c-97eaf984152d%253Aamzn1.sym.4f5cf6db-0ea7-4215-8f6c-97eaf984152d%26crid%3D4DC3J2RVS6HW%26cv_ct_cx%3Dlaptop%26dib%3DeyJ2IjoiMSJ9.RgvuVpf0LCnDxjOjLJNk6ThHr318cGqLkfNs559NT5yw1rYUgtwx4XgnamPllj1idXqXPX_Lrq6vfVFaXGneEg.neMd7RiDR78Bn8c_ViHcVWK9pQuS6NprBG3ZYbdsMMM%26dib_tag%3Dse%26keywords%3Dlaptop%26pd_rd_i%3DB0DG2GCTD7%26pd_rd_r%3D321d7e2f-90de-4559-a6e9-0bf9bf20045f%26pd_rd_w%3Do8AIB%26pd_rd_wg%3DLKZMd%26pf_rd_p%3D4f5cf6db-0ea7-4215-8f6c-97eaf984152d%26pf_rd_r%3DTWGSH3ZV40YBVD4X2F6D%26qid%3D1729655116%26sbo%3DRZvfv%252F%252FHxDF%252BO5021pAnSA%253D%253D%26sprefix%3Dlaptop%252Caps%252C224%26sr%3D1-4-4e480fe6-dd02-46af-8da7-58088322ef64-spons%26sp_csd%3Dd2lkZ2V0TmFtZT1zcF9zZWFyY2hfdGhlbWF0aWM%26psc%3D1
57,"HP 15s Core i3 12th Gen (8GB RAM/512GB SSD/FHD/MS Office 21/Windows 11/15.6"" (39.6cm)/Silver/1.69 kg) fy5011TU Laptop  ","34,990",https://amazon.in//sspa/click?ie=UTF8&spc=MTo4MjI3MTgwNDkxNjcwNzI6MTcyOTY1NTExNjpzcF9zZWFyY2hfdGhlbWF0aWM6MzAwMzYzMzkxMjEzMjMyOjo0Ojo&url=%2FHP-Office-Windows-39-6cm-fy5011TU%2Fdp%2FB0D4LZMJ5Z%2Fref%3Dsxin_12_pa_sp_search_thematic_sspa%3Fcontent-id%3Damzn1.sym.4f5cf6db-0ea7-4215-8f6c-97eaf984152d%253Aamzn1.sym.4f5cf6db-0ea7-4215-8f6c-97eaf984152d%26crid%3D4DC3J2RVS6HW%26cv_ct_cx%3Dlaptop%26dib%3DeyJ2IjoiMSJ9.RgvuVpf0LCnDxjOjLJNk6ThHr318cGqLkfNs559NT5yw1rYUgtwx4XgnamPllj1idXqXPX_Lrq6vfVFaXGneEg.neMd7RiDR78Bn8c_ViHcVWK9pQuS6NprBG3ZYbdsMMM%26dib_tag%3Dse%26keywords%3Dlaptop%26pd_rd_i%3DB0D4LZMJ5Z%26pd_rd_r%3D321d7e2f-90de-4559-a6e9-0bf9bf20045f%26pd_rd_w%3Do8AIB%26pd_rd_wg%3DLKZMd%26pf_rd_p%3D4f5cf6db-0ea7-4215-8f6c-97eaf984152d%26pf_rd_r%3DTWGSH3ZV40YBVD4X2F6D%26qid%3D1729655116%26sbo%3DRZvfv%252F%252FHxDF%252BO5021pAnSA%253D%253D%26sprefix%3Dlaptop%252Caps%252C224%26sr%3D1-5-4e480fe6-dd02-46af-8da7-58088322ef64-spons%26sp_csd%3Dd2lkZ2V0TmFtZT1zcF9zZWFyY2hfdGhlbWF0aWM%26psc%3D1
